1,US,United States
1,CA,Canada
,,
1 340,VI,"Virgin Islands, U.S."
1 670,MP,Northern Mariana Islands
1 671,GU,Guam
1 684,AS,American Samoa
1 787 / 939,PR,Puerto Rico
,,
1,---,"Many, but not all, Caribbean nations and some Caribbean Dutch and British Overseas Territories:"
,,
1 242,BS,Bahamas
1 246,BB,Barbados
1 264,AI,Anguilla
1 268,AG,Antigua and Barbuda
1 284,VG,"Virgin Islands, British"
1 345,KY,Cayman Islands
1 441,BM,Bermuda
1 473,GD,Grenada
1 649,TC,Turks and Caicos Islands
1 658,JM,Jamaica
1 664,MS,Montserrat
1 721,SX,Sint Maarten
1 758,LC,Saint Lucia
1 767,DM,Dominica
1 784,VC,Saint Vincent and the Grenadines
1 808,US,Hawaii
1 809 / 829 / 849,DO,Dominican Republic
1 868,TT,Trinidad and Tobago
1 869,KN,Saint Kitts and Nevis
1 876,JM,Jamaica
,,
,,
1 200,---,not used
1 201,US,"New Jersey (Hackensack, Jersey City, Hoboken, Bayonne, Ridgewood, Union City, Teaneck, New Milford, and most of northeastern New Jersey)"
1 202,US,"Washington, D.C. (all)"
1 203,US,"Connecticut (Bridgeport, Danbury, New Haven, Waterbury, and southwestern Connecticut)"
1 204,CA,Manitoba (all). Overlain by 431 in November 2012.
1 205,US,"Alabama (Birmingham; Tuscaloosa, and parts of western and central Alabama)"
1 206,US,"State of Washington (Seattle, all of Bainbridge, Mercer, and Vashon islands, Burien, Des Moines, Lake Forest Park, Normandy Park, Sea-Tac, Shoreline, Tukwila, and some small unincorporated areas adjacent to these. Also, parts of Woodway and Edmonds)"
1 207,US,Maine (all except Estcourt Station)
1 208,US,Idaho (all)
1 209,US,"California (Stockton, Modesto, Merced, Tracy, San Andreas, and part of central California extending into central Yosemite National Park)"
1 210,US,Texas (San Antonio metropolitan area)
1 211,---,"Not an area code. Community services, reserved as a local/regional information number."
1 212,US,New York City (Manhattan except for Marble Hill)
1 213,US,California (Downtown Los Angeles)
1 214,US,Texas (Dallas–Fort Worth metroplex)
1 215,US,"Pennsylvania (Philadelphia area including its suburbs in eastern Montgomery County and most of Bucks County as well as a very small portion of Berks County around the Hereford area, which is served by the Pennsburg 679 exchange."
1 216,US,Ohio (Cleveland area)
1 217,US,"Illinois (Springfield, Champaign, Decatur, Urbana, Lincoln, and parts of central Illinois)"
1 218,US,"Minnesota (Duluth, Moorhead, Thief River Falls, Bemidji, Brainerd, International Falls, and most of northern Minnesota)"
1 219,US,"Indiana (Gary, Chesterton, Crown Point, East Chicago, Hammond, Hobart, Merrillville, Michigan City, Portage, Valparaiso)"
1 220,US,Ohio
1 221-222,---,not used
1 223,US,Pennsylvania
1 224,US,Illinois (northeastern)
1 225,US,"Louisiana (Baton Rouge, Donaldsonville, New Roads, White Castle, and east-central Louisiana)"
1 226,CA,Ontario (southwestern)
1 227,US,"is assigned for numbering relief to 240 and 301 (Maryland), but no date has been scheduled for this to go into effect."
1 228,US,"Mississippi (Gulfport, Biloxi, Pascagoula, Bay St. Louis, and southmost Mississippi)"
1 229,US,"Georgia (Albany, Valdosta, Bainbridge, Americus, Fitzgerald, and most of southwestern Georgia)"
1 230,---,not used
1 231,US,"Michigan (Muskegon, Traverse City, Ludington, Petoskey, and part of northwestern Michigan)"
1 232-233,---,not used
1 234,US,Ohio (northeastern)
1 235,---,not used
1 236,CA,"British Columbia (Vancouver, Fraser Valley)"
1 237-238,---,not used
1 239,US,"Florida (southwest coast: all of Lee County, Collier County, the mainland part of Monroe County, including Cape Coral, Fort Myers, Naples, and Everglades)"
1 240,US,Maryland (southern and western parts)
1 241,---,not used
1 242,***,The Bahamas (all)
1 243-245,---,not used
1 246,***,Barbados (all)
1 247,---,not used
1 248,US,Michigan (Oakland County)
1 249,CA,"Ontario: (Northeastern Ontario and Central Ontario: Greater Sudbury, Sault Ste. Marie, North Bay, etc.)"
1 250,CA,"British Columbia (Victoria, Prince George, Prince Rupert, Kelowna, all areas except for Vancouver); also the town of Hyder, Alaska."
1 251,US,"Alabama (Mobile County, Baldwin County, Bay Minette, Jackson, Brewton, Citronelle, and part of southwestern Alabama)"
1 252,US,"North Carolina (Greenville, New Bern, Kinston, Kitty Hawk, Rocky Mount)"
1 253,US,"State of Washington (Tacoma, Lakewood, Auburn, Puyallup, Enumclaw, Spanaway, and the southern suburbs of Seattle)"
1 254,US,"Texas (Waco, Killeen, Temple, Belton, and Stephenville)"
1 255,---,not used
1 256,US,"Alabama (Huntsville, Decatur, Cullman, Gadsden, Madison, Florence, Sheffield, Tuscumbia, Fort Payne, Scottsboro, and most of northern Alabama)"
1 257-259,---,not used
1 260,US,"Indiana (Fort Wayne, New Haven, Decatur, Angola, Huntington, Wabash, and most of northeastern Indiana)"
1 261,---,not used
1 262,US,"Wisconsin (Racine, Kenosha, Menomonee Falls, Waukesha, and most of southeastern Wisconsin excluding Milwaukee County)"
1 263,---,not used
1 264,***,Anguilla (all)
1 265-266,---,not used
1 267,US,Pennsylvania (Philadelphia and surrounding suburban area)
1 268,***,Antigua and Barbuda (all)
1 269,US,"Michigan (Battle Creek, Kalamazoo, Benton Harbor, Allegan, Hastings, St. Joseph, and most of southwestern Michigan)"
1 270,US,"Kentucky (Owensboro, Paducah, Bowling Green, Hopkinsville, Henderson, Elizabethtown, and most of western Kentucky)"
1 271,---,not used
1 272,US,Pennsylvania (northeastern)—overlay of 570—effective 2013[2]
1 273,---,not used
1 274,US,Wisconsin—scheduled to overlay 920 in 2017
1 275,---,not used
1 276,US,"Virginia (Bristol, Abingdon, Wytheville, Martinsville, Bluefield, and most of southwestern Virginia)"
1 277-278,---,not used
1 279,US,California
1 280,---,not used
1 281,US,Texas (Houston area)
1 282,---,not used
1 283,US,"was proposed overlay of 513 (southwest Ohio), but it has been suspended indefinitely. (Ten thousands blocks have been assigned to a switch in Cincinnati, Ohio.)[3]"
1 284,***,the British Virgin Islands (all)
1 285-288,---,not used
1 289,CA,"Ontario (Oshawa-Hamilton and Golden Horseshoe, excluding Toronto 416 but including its adjacent suburbs)"
1 290-299,---,Reserved for potential North American Numbering Plan expansion
,,
1 300,---,not used
1 301,US,"Maryland (Silver Spring, Washington, D.C., suburbs, all counties which touch the Potomac River, and the towns of Hagerstown, Frederick, Rockville, Cumberland, and land line telephones in all of western Maryland)"
1 302,US,Delaware (all)
1 303,US,"Colorado (Denver, Boulder, Longmont, Aurora, Golden, Limon, Centennial; central Colorado)"
1 304,US,West Virginia (all)
1 305,US,"Florida (all of Miami-Dade County and the Florida Keys: Miami, Miami Beach, Homestead, Coral Gables, Marathon, Key West."
1 306,CA,Saskatchewan (all)
1 307,US,Wyoming (all)
1 308,US,"Nebraska (North Platte, Scottsbluff, McCook, Kearney, Grand Island, and all of western Nebraska)"
1 309,US,"Illinois (Peoria, Bloomington, Moline, Rock Island, Galesburg, and west-central Illinois)"
1 310,US,"California (Beverly Hills, Brentwood, Malibu, Pacific Palisades, Redondo Beach, Santa Monica, Torrance, Santa Catalina Island, and the coastal areas of Los Angeles County)"
1 311,---,"Not an area code. Local government non-emergency number, reaches city or county hall in some localities."
1 312,US,Illinois (downtown Chicago)
1 313,US,"Michigan (Dearborn, Detroit and its inner enclaves of Hamtramck and Highland Park)"
1 314,US,"Missouri (St. Louis, St. Louis County, Florissant, Crestwood, Hazelwood, Kirwood, and surrounding suburbs of St. Louis)"
1 315,US,"New York (Syracuse, Utica, Watertown, and north-central New York)"
1 316,US,"Kansas (Wichita metropolitan area, McConnell Air Force Base, Augusta, El Dorado, Mulvane, and Hutchinson)"
1 317,US,"Indiana (Indianapolis and immediate metro area including Carmel, Fishers, Noblesville, Greenwood, Mooresville, Beech Grove, Plainfield, Avon, and Brownsburg.)"
1 318,US,"Louisiana (Shreveport–Bossier City, Monroe, Alexandria, Fisher, Tallulah, and most of northern Louisiana)"
1 319,US,"Iowa (Cedar Rapids, Waterloo, Burlington, Iowa City, east-central, and southeastern Iowa)"
1 320,US,"Minnesota (St. Cloud, Alexandria, Morris, Hutchinson, Sandstone, Appleton, Willmar and central Minnesota)"
1 321,US,"Florida (Orlando, Cocoa, Melbourne, Rockledge, Titusville, St Cloud, and east-central Florida). This Area partially overlies 407, and this is the exclusive code for the Space Coast (Cape Canaveral, Titusville, Cocoa, Cocoa Beach, Satellite Beach, Melbourne, Merritt Island, Patrick Air Force Base, Palm Bay.)"
1 322,---,not used
1 323,US,"California (part of the City of Los Angeles excluding Downtown Los Angeles, Western Los Angeles, Westwood, the San Fernando Valley, Florence, and Montebello)"
1 324,---,not used
1 325,US,"Texas (Abilene, San Angelo, Sweetwater, Snyder)"
1 326,US,Ohio
1 327,---,"was planned to overlay 870, but it has been suspended indefinitely."
1 328-329,---,not used
1 330,US,"Ohio (Akron, Canton, Youngstown, Warren, and most of northeastern Ohio)"
1 331,US,"Illinois (Aurora, Naperville, Oswego, and other western suburbs of Chicago)"
1 332,US,New York
1 333,---,not used
1 334,US,"Alabama (Montgomery, Auburn, Dothan, Enterprise, Eufaula, Opelika, Phenix City, Selma, Tuskegee and most of southeastern Alabama)"
1 335,---,not used
1 336,US,"North Carolina (the Piedmont Triad, Wilkesboro, Roxboro, and most of northwestern North Carolina)"
1 337,US,"Louisiana (Lafayette, Lake Charles, Leesville, New Iberia, Opelousas, and most of southwestern Louisiana)"
1 338,---,not used
1 339,US,"Massachusetts (Boston, South Shore)"
1 340,***,the U.S. Virgin Islands (all)
1 341,US,"was assigned for numbering relief to 510 (East Bay, California), but it has been cancelled."
1 342,---,not used
1 343,CA,Ontario: (Ottawa metropolitan area and southeastern Ontario)
1 344,---,not used
1 345,***,the Cayman Islands (all)
1 346,US,"Texas (Houston area) The 346 area code will overlay existing area codes 713, 281 and 832 in Harris, Fort Bend, Waller, Austin, Montgomery, San Jacinto, Liberty, Chambers, Galveston and Brazoria counties.[5]"
1 347,US,New York City (all except most of Manhattan)
1 348-350,---,not used
1 351,US,Massachusetts (northeastern)
1 352,US,"Florida (Gainesville, Ocala, Inverness, Dunnellon, and part of central Florida)"
1 353-359,---,not used.
1 356,US,"was authorized for use as a relief area code in New Jersey; however, 356 was replaced by 862 since this proposed code was condidered to be too similar to southern New Jersey's Area code 856"
1 360,US,"State of Washington (Olympia, Vancouver, Bellingham, Bremerton, Port Angeles, Aberdeen, and most of western Washington except the Seattle metropolitan area)"
1 361,US,"Texas (Corpus Christi, Victoria, George West, and much of South Texas)"
1 362-363,---,not used
1 364,US,"Kentucky—Overlay of 270 effective February 1, 2014, with numbers in 364 available for assignment on March 3."
1 365,CA,"Ontario: Overlain on Area codes 905 and 289 on March 25, 2013.[6]"
1 366,---,not used
1 367,CA,Quebec
1 368,---,not used
1 369,US,"was assigned for numbering relief to 707 (northwest California), but it has been cancelled."
1 370-379,---,block reserved in case consecutive numbers are ever needed.
1 380,US,"was assigned for area code relief to 614 in Ohio, but it has been suspended indefinitely. (Four thousands blocks are assigned to a switch in Palm Coast, Florida; and one thousands block to a switch in Shreveport, Louisiana.)[3]"
1 381-384,---,not used
1 385,US,"Utah (Counties of Davis, Morgan, Salt Lake, Utah, and Weber along the Wasatch Front, including the cities of Salt Lake City, Ogden, and Provo)"
1 386,US,"Florida (Daytona Beach, Lake City, Live Oak, Crescent City, and parts of northeastern Florida)"
1 387,CA,"Reserved as a fourth area code to overlay 416 for the city of Toronto, Ontario, Canada with no set date for implementation"
1 388-389,---,not used
1 390-399,---,Reserved for potential North American Numbering Plan expansion
,,
1 400,---,not used
1 401,US,Rhode Island (all)
1 402,US,"Nebraska (Omaha, Lincoln, Norfolk, Superior, and most of eastern Nebraska)"
1 403,CA,"Alberta (Calgary, Banff, Red Deer, Medicine Hat, Lethbridge, Brooks, and most of southern Alberta)"
1 404,US,Georgia: Atlanta and the Atlanta metropolitan area inside of the Interstate 285 perimeter highway
1 405,US,"Oklahoma (Oklahoma City, Stillwater, Edmond, Norman, Shawnee, and most of central Oklahoma)"
1 406,US,Montana (all)
1 407,US,"Florida (Orlando, Sanford, St. Cloud, Kissimmee, and part of east-central Florida)"
1 408,US,"California (San Jose, Cupertino, Los Gatos, Milpitas, Mountain View, Santa Clara, Sunnyvale, and Silicon Valley)"
1 409,US,"Texas (Beaumont, Galveston, Orange, Port Arthur, and Texas City."
1 410,US,"Maryland (except for St. Mary's County, all counties and cities which touch the Chesapeake Bay, the Atlantic Ocean, or Delaware, including Annapolis, metropolitan Baltimore, Berlin, Cambridge, Ocean City, Princess Anne, and Salisbury) as well as Howard County (Columbia) and Carroll County (Westminster)."
1 411,---,Not an area code. Information number for directory assistance. +1-areacode-555-1212 may also be used.
1 412,US,"Pennsylvania (Pittsburgh region, including McKeesport, Monroeville, Bethel Park, Penn Hills, and Ross; the area code encompasses the majority of Allegheny County and portions of Westmoreland County)"
1 413,US,"Massachusetts (Springfield, Pittsfield, Holyoke, Greenfield, and most of Western Massachusetts)"
1 414,US,Wisconsin (Milwaukee County and the city of Milwaukee)
1 415,US,California (San Francisco and most of Marin County)
1 416,CA,Ontario (the City of Toronto)
1 417,US,"Missouri (Springfield, Joplin, Branson, Lamar, Lebanon, and most of southwestern Missouri)"
1 418,CA,"Quebec (Quebec City, Saguenay, the Gaspé Peninsula, Côte-Nord, Chibougamau, St-Georges), Maine (Estcourt Station)"
1 419,US,"Ohio (Toledo, Sylvania, Mansfield, Lima, Findlay, Sandusky, Bowling Green, and most of northwestern Ohio)"
1 420-422,---,not used
1 423,US,"Tennessee (two discontiguous portions of East Tennessee: Bristol, Johnson City, Kingsport, etc., in the northeast; and Chattanooga, Cleveland, Philadelphia, and McMinnville in the southeast"
1 424,US,California
1 425,US,"State of Washington (the northern and eastern suburbs of Seattle: Bellevue, Everett, Edmonds, Kirkland, Redmond, Renton, Sammamish, Issaquah, and Lynnwood.)"
1 426-429,---,not used
1 430,US,Texas
1 431,CA,Manitoba
1 432,US,"Texas (West Texas: Midland, Odessa, Big Spring, Alpine, Fort Stockton."
1 433,---,not used
1 434,US,"Virginia (Charlottesville, Lynchburg, Danville, and south-central Virginia)"
1 435,US,"Utah (Cedar City, Logan, Moab, Park City, Price, St. George, Tooele, Vernal and all the rest of Utah, excluding the counties of Davis, Morgan, Salt Lake, Utah, and Weber)"
1 436,---,not used
1 437,CA,Ontario: Toronto metropolitan area
1 438,CA,Quebec: Montreal metropolitan area
1 439,---,not used
1 440,US,"Ohio (surrounding Cleveland on three sides, including: Elyria, Lorain, Oberlin, Ashtabula, and most of north-central Ohio)"
1 441,***,Bermuda (all)
1 442,US,California
1 443,US,Maryland
1 444,---,not used
1 445,US,"was formerly assigned to overlay 215 and 267 (Philadelphia, Pennsylvania), but this number is no longer assigned for any location. (One thousands block is assigned to a switch in Tucson Arizona.)[3]"
1 446,---,not used
1 447,US,Illinois
1 448-449,---,not used
1 450,CA,Quebec (central southern Quebec; surrounds City of Montreal)
1 451-455,---,not used
1 456,X1,Inbound international calls for carrier-specific services
1 457,---,not used
1 458,US,"Oregon (Eugene, Medford, Bend, Pendleton, Corvallis, Ontario, Burns; excludes the Portland metropolitan area)"
1 459-462,---,not used
1 463,US,Indiana
1 464,US,Illinois
1 465-468,---,not used
1 469,US,Texas
1 470,US,"Georgia: An overlay onto Area code 404, area code 678, and Area code 770"
1 471-472,---,not used
1 473,***,Grenada (all)
1 474,CA,"originally was assigned for numbering relief to 306 in Saskatchewan, but it was changed to 639. It is not used now."
1 475,US,Connecticut
1 476-477,---,not used
1 478,US,"Georgia (Macon, Warner Robins, Swainsboro, Milledgeville, Perry, and part of central Georgia)"
1 479,US,"Arkansas (Fort Smith, Fayetteville, Rogers, and most of northwestern Arkansas)"
1 480,US,"Arizona (Mesa, Scottsdale, Chandler, Tempe, and the eastern Phoenix metropolitan area)"
1 481-483,---,not used
1 484,US,Pennsylvania
1 485-489,---,not used
1 490-499,---,Reserved for potential North American Numbering Plan expansion
,,
1 500,X1,Personal Communications Services
1 501,US,"Arkansas (Little Rock, Hot Springs, and much of central Arkansas, but not Pine Bluff.)"
1 502,US,"Kentucky (Louisville, Frankfort, Shelbyville, Bardstown, and most of north-central Kentucky)"
1 503,US,"Oregon (Portland, Salem, Hillsboro, St. Helens, Tillamook, Astoria and most of northwestern Oregon)"
1 504,US,Louisiana: New Orleans metropolitan area
1 505,US,"New Mexico: (Albuquerque, Santa Fe, Farmington, Gallup, and all of northwestern New Mexico, and part of central New Mexico)."
1 506,CA,New Brunswick
1 507,US,"Minnesota (Rochester, Mankato, Austin, Marshall, Winona and most of southern Minnesota)"
1 508,US,"Massachusetts (Worcester, New Bedford, Fall River, Cape Cod, and most of southeastern Massachusetts)"
1 509,US,"State of Washington (all of eastern Washington, including Spokane, Ellensburg, Pullman, the Tri-Cities area, Walla Walla, Wenatchee, and Yakima.)"
1 510,US,"California (coastal regions of the East Bay—Oakland, Fremont, Hayward, Richmond, Berkeley and Alameda)"
1 511,---,"Not an area code. Local information number for transportation and road conditions, local police non-emergency services."
1 512,US,"Texas (Austin, San Marcos, and parts of central Texas)"
1 513,US,"Ohio (Cincinnati, Middletown, Hamilton, Lebanon, and parts of southern and southwestern Ohio. This area code formerly also included Dayton.)"
1 514,CA,"Quebec: the entire Island of Montreal, Île Perrot, and Île Bizard"
1 515,US,"Iowa (Des Moines, Ames, Fort Dodge, Jefferson, Indianola and most of north-central Iowa)"
1 516,US,"New York State (Nassau County, Hempstead, Long Beach, Great Neck, etc.)"
1 517,US,"Michigan (Lansing, Jackson, Charlotte, Deerfield, Addison, and most of south-central Michigan)"
1 518,US,"New York State (Albany, Schenectady, Plattsburgh, Saranac Lake, Lake George, Westport, and most of northeastern New York State)"
1 519,CA,"Ontario (London, Windsor, Kitchener-Waterloo, Cambridge, and most of southwestern Ontario)"
1 520,US,"Arizona (Tucson, Nogales, Fort Huachuca, and most of southeastern Arizona)"
1 521,X1,Reserved for Personal Communications Services-effective July 2011[8]
1 522,X1,Reserved for Personal Communications Services
1 523-529,X1,Reserved for Personal Communications Services-effective July 2011
1 530,US,"California (Redding, Auburn, Chico, Davis, the California shore of Lake Tahoe, Placerville, Susanville, Truckee, Yreka, and most of northeastern California)"
1 531,US,"Nebraska (Omaha, Lincoln, Norfolk, Superior, and most of eastern Nebraska)"
1 532,X1,Reserved for Personal Communications Services-effective July 2011
1 533,X1,Personal Communications Services
1 534,US,Wisconsin—Overlaid 715 in 2010.
1 535 - 537,X1,not used
1 538,X1,Reserved for Personal Communications Services-effective July 2011
1 539,US,"Oklahoma (Tulsa, Bartlesville, McAlester, Muskogee, Henryetta and northeastern Oklahoma)"
1 540,US,"Virginia (Fredericksburg, Roanoke, Blacksburg, Harrisonburg, Lexington, Staunton, Winchester, and parts of north-central Virginia)"
1 541,US,"Oregon (Eugene, Bend, Corvallis, Medford, Pendleton, and all of Oregon except metropolitan northwestern Oregon, including Portland, Salem, Astoria, etc.)"
1 542-543,X1,Reserved for Personal Communications Services-effective July 2011
1 544,X1,Personal Communications Services
1 545,X1,Reserved for Personal Communications Services-effective July 2011
1 546,X1,not used
1 547,X1,Reserved for Personal Communications Services-effective July 2011
1 548,CA,Ontario
1 549,X1,Reserved for Personal Communications Services-effective July 2011
1 550,X1,not used
1 551,US,New Jersey
1 552-554,X1,Reserved for Personal Communications Services-effective July 2011
1 555,---,"Reserved for directory assistance applications, not used."
1 556,X1,Reserved for Personal Communications Services-effective July 2011
1 557,US,"Missouri: was a planned overlay for 314, but it was suspended indefinitely."
1 558,X1,not used
1 559,US,"California (Fresno, Hanford, Madera, Tulare, Visalia, and parts of the San Joaquin Valley."
1 560,---,not used
1 561,US,"Florida (Palm Beach County, including Palm Beach, West Palm Beach, Boca Raton, Boynton Beach, etc.)"
1 562,US,"California (Downey, Long Beach, Whittier, Norwalk, La Habra, Lakewood, Pico Rivera, and most of southeastern Los Angeles County)"
1 563,US,"Iowa (Davenport, Dubuque, Clinton, Bettendorf, and most of eastern and northeastern Iowa)"
1 564,US,Washington
1 565,---,not used
1 566,---,Personal Communications Services
1 567,US,Ohio
1 568,---,not used
1 569,X1,Reserved for Personal Communications Services-effective July 2011
1 570,US,"Pennsylvania (the Wyoming Valley, including Scranton and Wilkes-Barre; Bloomsburg; Danville; Nanticoke; Williamsport; and most of northeastern Pennsylvania)"
1 571,US,Virginia
1 572,---,not used
1 573,US,"Missouri (Columbia, Jefferson City, Hannibal, Cape Girardeau, Farmington, Lake of the Ozarks, Poplar Bluff, and most of eastern Missouri excluding St. Louis County and the City of St. Louis)"
1 574,US,"Indiana (South Bend, Elkhart, Goshen, and most of north-central Indiana)"
1 575,US,"New Mexico (Las Cruces, Roswell, Carlsbad Caverns National Park, Socorro, Taos, Truth or Consequences; excludes central (Albuquerque and its suburbs) and northwestern New Mexico)"
1 576,---,not used
1 577,X1,Reserved for Personal Communications Services
1 578,X1,Reserved for Personal Communications Services-effective July 2011
1 579,CA,Quebec (central southern Quebec including the city of Laval and other suburbs of Montreal but excluding the City of Montreal)
1 580,US,"Oklahoma (Ponca City, Ardmore, Enid, Lawton, Elk City, and most of southern and western Oklahoma)"
1 581,CA,Quebec
1 582,---,"was proposed for relief of 814, but it has been cancelled."
1 583-584,---,not used
1 585,US,"New York State (Rochester, Batavia, and much of western New York State)"
1 586,US,"Michigan (Warren, Sterling Heights, and Macomb County)"
1 587,CA,Alberta
1 588,X1,Reserved for Personal Communications Services
1 589,X1,Reserved for Personal Communications Services-effective July 2011
1 590-599,---,Reserved for potential North American Numbering Plan expansion
,,
1 600,CA,"Canadian non-geographic, teleprinter, caller-pays mobile."
1 601,US,"Mississippi (Jackson, Hattiesburg, Meridian, Natchez, Vicksburg, and most of central Mississippi)"
1 602,US,Arizona: Phoenix
1 603,US,New Hampshire (all)
1 604,CA,"British Columbia (Greater Vancouver Regional District, Whistler, and remaining portion of 604 not part of overlay complex)."
1 605,US,South Dakota (all)
1 606,US,"Kentucky (Ashland, Pikeville, Hazard, Somerset, London, Corbin, Maysville, and much of eastern Kentucky)"
1 607,US,"New York State (Binghamton, Elmira, Cornell, Norwich, Ithaca, and most of south-central New York)"
1 608,US,"Wisconsin (Madison, La Crosse, Platteville, Beloit, and most of southwestern Wisconsin)"
1 609,US,"New Jersey (Trenton, Atlantic City, Princeton, and most of central & southeastern New Jersey)"
1 610,US,"Pennsylvania (Chester, Lehigh Valley, Norristown, Reading; parts of southeastern Pennsylvania)"
1 611,---,Not an area code. Repair service for land-line telephones; customer service for most wireless carriers.
1 612,US,"Minnesota (Minneapolis, Fort Snelling, St. Anthony, and Richfield)"
1 613,CA,Ontario (Ottawa and eastern Ontario)
1 614,US,Ohio Columbus and Franklin County
1 615,US,"Tennessee (Nashville, Cookeville, Lebanon, Murfreesboro, Sparta, Smyrna, Springfield, and most of Middle Tennessee)"
1 616,US,"Michigan (Grand Rapids, Greenville, Holland, Ionia, Zeeland, and most of southwestern Michigan)"
1 617,US,"Massachusetts (Boston, Cambridge, Quincy, Newton, Everett, and the nearby suburbs)"
1 618,US,"Illinois (Carbondale, Alton, Belleville, Cahokia, Centralia, Edwardsville, Marion, Metropolis, Vandalia, and most of southern Illinois)"
1 619,US,"California (southern half of San Diego, California city, and southern and eastern suburbs including Chula Vista, National City, El Cajon, La Mesa, Lemon Grove."
1 620,US,Kansas (southern Kansas not including the Wichita Metropolitan Area and Hutchison.)
1 621-622,---,"not used. 622 is nominally reserved to overlay +1-600, a rarely-used Canadian non-geographic code."
1 623,US,"Arizona (part of Maricopa County, including Glendale, Buckeye, Goodyear, Peoria, Sun City, and the western half of Phoenix)"
1 624-625,---,not used
1 626,US,"California (Pasadena, Arcadia, Claremont, Covina, El Monte, La Cañada-Flintridge, La Puente, Monrovia, the San Gabriel Valley, Upland, and West Covina)"
1 627,US,"was assigned for numbering relief to Area code 707 (the northern California coast), but it has been cancelled."
1 628,US,California
1 629,US,Tennessee
1 630,US,"Illinois (Western suburbs of Chicago, including DuPage, central and southern Kane, northern Kendall, far northern Will, and small portions of Cook Counties. Includes Aurora, Naperville, Wheaton, Downers Grove, Elmhurst, Lombard, Glen Ellyn, Bloomingdale, Carol Stream, Addison, Glendale Heights, Bartlett, Hanover Park, Streamwood, Bolingbrook, St. Charles, Geneva, Batavia, Sugar Grove, Oswego, Yorkville, Plano, Darien, Woodridge, Hinsdale, Oak Brook, Lemont, and other suburbs west of Chicago."
1 631,US,New York State (Suffolk County on Long Island)
1 632-635,CA,"not used. 633 is nominally reserved to overlay +1-600, a rarely-used Canadian non-geographic code."
1 636,US,"Missouri (St. Charles, Chesterfield, Union, Troy, and parts of east-central Missouri)"
1 637-638,---,not used
1 639,CA,Saskatchewan
1 640,US,New Jersey
1 641,US,"Iowa (Mason City, Oskaloosa, Creston, Pella, Ottumwa, Britt, Clear Lake, Fairfield, and parts of central Iowa)"
1 642-645,CA,"not used. 644 is nominally reserved to overlay +1-600, a rarely-used Canadian non-geographic code."
1 646,US,"New York State (Borough of Manhattan, except for Marble Hill on the mainland of New York)"
1 647,CA,Ontario
1 648,---,not used
1 649,***,the Turks and Caicos Islands (all)
1 650,US,"California (Palo Alto, Redwood City, Menlo Park, Mountain View, San Mateo, Santa Clara, Stanford, South San Francisco)"
1 651,US,"Minnesota (St. Paul, Eagan, Lindstrom, Red Wing, Hastings, Stillwater and part of east-central Minnesota)"
1 652-656,---,"not used. 655 is nominally reserved to overlay +1-600, a rarely-used Canadian non-geographic code."
1 657,US,California
1 658,***,Jamaica
1 659,US,Alabama
1 660,US,"Missouri (Sedalia, Kirksville, Maryville, Mexico, Whiteman Air Force Base, and part of north-central Missouri)"
1 661,US,"California (Bakersfield, Lancaster, Palmdale, Edwards Air Force Base, and parts of Kern County, and Los Angeles County."
1 662,US,"Mississippi (Tupelo, Columbus, Corinth, Greenville, Greenwood, Starkville, and most of northern Mississippi)"
1 663,---,not used
1 664,***,Montserrat (all)
1 665-666,---,not used
1 667,US,Maryland
1 668,---,not used
1 669,US,"California (San Jose) Created on November 20, 2012 as an overlay code for 408"
1 670,***,"Northern Mariana Islands: the former country code for this present Commonwealth of the United States that includes Saipan, Tinian, and Rota.)"
1 671,***,Guam: the former country code for this possession and unorganized territory of the United States that includes Andersen Air Force Base.
1 672,CA,British Columbia is assigned for numbering relief to 236 (British Columbia)[9] but no date has been scheduled for this to go into effect.
1 673-677,CA,"not used. 677 is nominally reserved to overlay +1-600, a rarely-used Canadian non-geographic code."
1 678,US,Georgia
1 679,US,is assigned for numbering relief to 313 (Michigan) but no date has been scheduled for this to go into effect.
1 680,US,New York
1 681,US,West Virginia
1 682,US,Texas
1 683,---,not used
1 684,***,American Samoa (the former country code for this possession and unorganized territory of the United States)
1 685-688,CA,"not used. 688 is nominally reserved to overlay +1-600, a rarely-used Canadian non-geographic code."
1 689,US,Florida
1 690-699,---,Reserved for potential North American Numbering Plan expansion
,,
1 700,X1,"Long Distance carrier use for pre-subscribing phone numbers, 1-700-555-4141 most often gives a recorded message indicating the default carrier on a line. In theory, an interexchange carrier may assign any +1-700- number to any carrier-specific service, but this use is rare."
1 701,US,North Dakota (all)
1 702,US,"Nevada (almost all of Clark County, including all of the Las Vegas Valley, including Henderson and Boulder City)"
1 703,US,"Virginia (Northern Virginia: mostly the suburbs of Washington, D.C., including Alexandria, Arlington County, Fairfax County, Prince William County, and eastern Loudoun County."
1 704,US,"North Carolina (Charlotte, Concord, Gastonia, Salisbury, and much of south-central North Carolina)"
1 705,CA,"Ontario: (Northeastern Ontario and Central Ontario: Greater Sudbury, Sault Ste. Marie, North Bay, etc.)"
1 706,US,"Georgia (Athens, Augusta, Columbus, Carrollton, Carroll County, Cartersville, Dalton, Rome, and much of northwestern, northeastern and eastern Georgia, with an exclave in western Georgia)"
1 707,US,"California (Vallejo, Crescent City, Eureka, Redwoods National Park, Santa Rosa, Ukiah, and most of northwestern California)"
1 708,US,"Illinois (Western and southern portions of suburban Cook County and far eastern sections of Will County. Includes Beecher, Berwyn, Brookfield, Bridgeview, Burbank, Calumet City, Chicago Heights, Cicero, Dolton, Elmwood Park, Evergreen Park, Franklin Park, Harvey, Hazel Crest, Homer Glen, Homewood, La Grange, Lansing, Matteson, Maywood, Melrose Park, Mokena, Monee, Oak Forest, Oak Park, Orland Park, Palos Hills, Park Forest, Peotone, Tinley Park, University Park, and other southern and near western suburbs of Chicago.)"
1 709,CA,Newfoundland and Labrador
1 710,US,U.S. Government Special Services
1 711,---,Not an area code. Telecommunications device for the deaf/Relay Service for TTY to Voice and Voice to TTY
1 712,US,"Iowa (Sioux City, Council Bluffs, Denison, and most of western Iowa). This is one of the original area codes of the U.S. that has gone unchanged and undivided. This is because for some reason, Iowa was given three area codes to begin with back in 1948, even though it did not need that many."
1 713,US,"Texas (Houston area)—overlays with 281, 346 and 832"
1 714,US,"California: Orange County: Anaheim, Fullerton, Garden Grove, Huntington Beach, Irvine, Newport Beach, Orange, Santa Ana, etc.)"
1 715,US,"Wisconsin (Wausau, Eau Claire, Rhinelander, and most of northern Wisconsin)"
1 716,US,"New York State (Buffalo, Niagara Falls, Olean, and parts of western New York)"
1 717,US,"Pennsylvania (Harrisburg, Gettysburg, Lancaster, York and most of south-central Pennsylvania)"
1 718,US,"New York State (New York City except for Manhattan, but this area code includes Marble Hill, a neighborhood of the Borough of Manhattan located on the mainland."
1 719,US,"Colorado (Colorado Springs, Pueblo, Florence, Leadville, Limon, Trinidad, La Junta, and most of southeastern Colorado)"
1 720,US,Colorado
1 721,***,Sint Maarten
1 722-723,---,not used
1 724,US,"Pennsylvania (Washington, Greensburg, Indiana, New Castle, Uniontown, Butler, and the majority of Southwestern Pennsylvania outside of Pittsburgh's Allegheny County)"
1 725,US,"Nevada (almost all of Clark County, including all of the Las Vegas Valley, including Henderson and Boulder City)"
1 726,US,Texas
1 727,US,"Florida (all of Pinellas County including St. Petersburg, Clearwater, Dunedin, Palm Harbor, Tarpon Springs, and the coastal parts of Pasco County)"
1 728-729,---,not used
1 730,US,Illinois—proposed overlay of 618
1 731,US,"Tennessee (most of West Tennessee—excluding Metropolitan Memphis and Shelby County (area code 901)—but including Dyersburg, Jackson, Martin, Paris, Union City, and Crockett County)"
1 732,US,"New Jersey (New Brunswick, Lakewood, Neptune, Fort Dix, and most of east-central New Jersey—but not Atlantic City)"
1 733,---,not used
1 734,US,"Michigan (Ann Arbor, Hell, Monroe, Plymouth, Romulus, Wayne, Ypsilanti, and the southwestern suburbs of Detroit)"
1 735-736,---,not used
1 737,US,Texas
1 738-739,---,not used
1 740,US,"Ohio (Suburban Columbus, central Ohio outside of Franklin County, excluding the Marysville area, together with southeastern Ohio: Athens, Lancaster, Cambridge, Delaware, Ironton, Marietta, Mt. Vernon, Newark, Portsmouth, Steubenville, Washington Court House, and Zanesville)"
1 741,---,not used
1 742,CA,"Reserved as a future area code in the 289/365/905 region of Ontario, Canada.[11]"
1 743,US,North Carolina
1 744-746,---,not used
1 747,US,"California (Los Angeles County, San Fernando Valley): an overlay onto 818, effective on May 18, 2009."
1 748-751,---,not used
1 752,US,"California: was a planned overlay for 909, but it was suspended indefinitely. Reserved for planned potential North American Numbering Plan expansion"
1 753,---,not used
1 754,US,Florida
1 755-756,---,not used
1 757,US,Virginia (Part of Hampton Roads and the Eastern Shore of Virginia)
1 758,***,Saint Lucia (all)
1 759,---,not used
1 760,US,"California (Bishop, Ridgecrest, Barstow—eastern portions of San Bernardino County and Riverside County, including Palm Springs, Palm Desert, and Indio—Imperial County, and parts of northern and eastern San Diego County, including Oceanside and other northern suburbs of San Diego, California.) In summary: most of the desert and mountain portions of southeastern California."
1 761,US,"Currently reserved for split or overlay of 561, Palm Beach County, Florida.[citation needed]"
1 762,US,Georgia: an overlay of 706
1 763,US,"Minnesota (Brooklyn Park, Plymouth, Maple Grove, Monticello, Elk River, Fridley, Blaine, and the northwest suburban area of Minneapolis)"
1 764,US,"was assigned for numbering relief to 650 (western San Francisco Bay, including Contra Costa County) but it has been cancelled."
1 765,US,"Indiana (Kokomo, Lafayette, Marion, Muncie, Richmond, West Lafayette, and most of central Indiana excluding Indianapolis and immediate suburbs.)"
1 766,---,not used
1 767,***,Commonwealth of Dominica (all)—split from 809
1 768,---,not used
1 769,US,Mississippi
1 770,US,"Georgia (Marietta, Carrollton, Gainesville, Jonesboro, Lawrenceville, Roswell, Stone Mountain, and much of north-central Georgia outside of Atlanta's Interstate 285 Perimeter Highway). Area code 770 is shaped like a donut, with Atlanta, Chamblee, Decatur, and Tucker 404 in its hole."
1 771,---,not used
1 772,US,"Florida (Fort Pierce, Port Saint Lucie, Sebastian, Stuart, and Vero Beach, and all of Indian River County and Martin County)"
1 773,US,"Illinois (City of Chicago, excluding downtown)"
1 774,US,Massachusetts
1 775,US,"Nevada (Carson City, Reno, Elko, Ely, Sparks, Winnemucca, Great Basin National Park, Naval Air Station Fallon, and all of Nevada except for most of Clark County in southernmost Nevada)"
1 776-777,---,not used
1 778,CA,British Columbia (all)
1 779,US,Illinois
1 780,CA,"Alberta (Edmonton, Jasper, Grande Prairie, Peace River, and all of northern Alberta). This area code overlays onto 587 and also 403 in southern Alberta."
1 781,US,"Massachusetts (Saugus, Norwood, Waltham Woburn, and other suburbs of Boston along Route 128)"
1 782,CA,Nova Scotia and Prince Edward Island This area code overlays onto 902.
1 783,---,not used
1 784,***,Saint Vincent and the Grenadines (all). Was split from 809.
1 785,US,"Kansas (Topeka, Salina, Colby, Lawrence, Manhattan, and all of northern and central Kansas not including the Kansas City Metropolitan Area."
1 786,US,Florida (Miami-Dade County and the Florida Keys)
1 787,***,Puerto Rico
1 788-789,---,not used
1 790-799,---,Reserved for potential North American Numbering Plan expansion
,,
1 800,X1,"Toll-free telephone service (see also 822, 833, 844, 855, 866, 877, 880, 881, 882, 883, 884, 885, 886, 887, 888, 889)"
1 801,US,"Utah (Counties of Davis, Morgan, Salt Lake, Utah, and Weber along the Wasatch Front, including the cities of Salt Lake City, Ogden, and Provo)"
1 802,US,Vermont (all)
1 803,US,"South Carolina (Columbia, Rock Hill, Sumter, Aiken, and most of central South Carolina)"
1 804,US,"Virginia (the Richmond Metropolitan Area, including Petersburg; also the Northern Neck and Middle Peninsula)"
1 805,US,"California (Ventura County, San Luis Obispo County, Santa Barbara County, Atascadero, Lompoc, Ojai, Oxnard, Pismo Beach, San Buenaventura, Santa Maria, Simi Valley, and Vandenberg Air Force Base."
1 806,US,"Texas (Lubbock, Amarillo, Canadian, Canyon, Dalhart, and the entire Texas Panhandle)"
1 807,CA,"Ontario (Northwestern Ontario: Thunder Bay, Kenora, Dryden, Greenstone)"
1 808,***,"Hawaii (covers all of the Hawaiian Islands to Midway Atoll, and major Hawaiian cities including Honolulu, Kailua, Mililani, Haleiwa, Hilo, Kahului, Lihue, etc. Area code also includes Wake Island)"
1 809,***,Dominican Republic.
1 810,US,"Michigan (Port Huron, Flint, Lapeer, and Michigan ""Thumb"")"
1 811,---,"Not an area code. Regional information number, usage varies by country."
1 812,US,"Indiana (Southern Indiana, including Bloomington, Evansville, Terre Haute, Columbus, Jeffersonville, Lawrenceburg, Madison, and New Albany."
1 813,US,"Florida (all of Hillsborough County, including Tampa and its suburbs, MacDill Air Force Base, and Plant City; and also the inland areas of Pasco County)"
1 814,US,"Pennsylvania (Erie, State College, Altoona, Clearfield, Emporium, Johnsonburg, Johnstown, Meyersdale, Ridgway, Somerset, and most of northwestern and parts of central Pennsylvania)"
1 815,US,"Illinois (much of northern Illinois outside Chicago & its immediate surrounding suburbs. Includes Rockford and its suburbs, Belvidere, La Salle, Peru, DeKalb, Sycamore, Freeport, Dixon, Sterling, Rock Falls, Ottawa, Morris, Princeton, Mendota, Rochelle, Sandwich, Streator, Pontiac, Kankakee, and some outlying Chicago suburbs such as Harvard, McHenry, Crystal Lake, Woodstock, Plainfield, Joliet, Romeoville, Lockport, New Lenox, Frankfort, Minooka, Channahon, and Shorewood.)"
1 816,US,"Missouri (Kansas City, St Joseph, Independence, Harrisonville, and parts of west-central Missouri)"
1 817,US,"Texas (Fort Worth, Arlington, Grand Prairie, Grandview, Weatherford)"
1 818,US,"California: the San Fernando Valley of Los Angeles County, including Burbank, Canoga Park, Encino, Glendale, North Hollywood, Northridge, Panorama City, Reseda, San Fernando, Sylmar, Tarzana, Van Nuys, and Woodland Hills.)"
1 819,CA,"Quebec (Western Québec except Montréal 514 and surrounding area 450. A large area including Abitibi-Témiscamingue, Estrie, Mauricie, Outaouais, Sherbrooke, and Trois-Rivieres.)"
1 820,US,California
1 821,---,not used
1 822,X1,"reserved for future toll-free expansion (see also 800, 833, 844, 855, 866, 877, 888, 880–882, 883-887, and 889 in this list)"
1 823-824,---,not used
1 825,CA,Alberta
1 826-827,---,not used
1 828,US,"North Carolina (Asheville, Franklin, Hickory, Murphy, Waynesville, and parts of western North Carolina)"
1 829,***,the Dominican Republic.
1 830,US,"Texas (Del Rio, Kerrville, Eagle Pass, Fredericksburg, New Braunfels, and part of the Rio Grande Valley)"
1 831,US,"California (Monterey, Salinas, Monterey County, Hollister, and Santa Cruz)"
1 832,US,Texas
1 833,X1,"reserved for future toll-free expansion (see also 800, 822, 844, 855, 866, 877, 888, 880–882, 883-887, and 889 in this list)"
1 834,---,not used
1 835,---,"was to be an overlay for 610 and 484 (Pennsylvania), but was canceled in 2008."
1 836-837,---,not used
1 838,US,New York
1 839,US,South Carolina
1 840-842,---,not used
1 843,US,"South Carolina (Charleston, Florence, Hilton Head Island, Myrtle Beach, Charleston Air Force Base, and most of southeastern South Carolina)"
1 844,X1,Toll-free
1 845,US,"New York State (Dutchess, Orange, Putnam, Rockland, Sullivan, and Ulster Counties in southeastern New York State. Includes: Poughkeepsie, Middletown, Kingston, West Point, Newburgh, and the Catskill Mountains west to Margaretville)"
1 846,---,not used
1 847,US,"Illinois (North and northwest suburbs of Chicago, including Lake, northern Cook, northern Kane, and extreme southeastern McHenry Counties. Includes Evanston, Skokie, Niles, Park Ridge, Des Plaines, Mount Prospect, Arlington Heights, Palatine, Wheeling, Buffalo Grove, Barrington, Elk Grove Village, Schaumburg, Hoffman Estates, Elgin, Carpentersville, Algonquin, Lake in the Hills, Huntley, Hampshire, Cary, Lake Zurich, Fox Lake, Round Lake Beach, Antioch, Gurnee, Waukegan, Zion, Lake Forest, Vernon Hills, Libertyville, Mundelein, Northbrook, Glenview, Deerfield, Highland Park, Wilmette, Winnetka, etc.)"
1 848,US,New Jersey
1 849,***,the Dominican Republic
1 850,US,Florida
1 851-853,---,not used
1 854,US,"Pee Dee, Low Country of South Carolina including Charleston"
1 855,X1,"Toll-free telephone service (see also 800, 822, 833, 844, 866, 877, 888, 880–882, 883-887, and 889 in this list)"
1 856,US,"New Jersey (Cherry Hill, Camden, Millville, Vineland, and most of southwestern New Jersey)"
1 857,US,"Massachusetts (Boston, Cambridge, Quincy, Newton, Everett, and the nearby suburbs)"
1 858,US,"Southern California: the northern half of San Diego, California city and some northern suburbs)"
1 859,US,"Kentucky (Lexington, Richmond, Danville, Covington, Florence, and northernmost Kentucky)"
1 860,US,"Connecticut (Hartford, Bristol, Norwich, and northern and eastern Connecticut)"
1 861,---,not used
1 862,US,New Jersey
1 863,US,"Florida (Lakeland, Bartow, Sebring, Winter Haven in south-central Florida)"
1 864,US,"South Carolina (The Upstate, including Greenville, Spartanburg, Anderson, Clemson, and most of northwestern South Carolina)"
1 865,US,"Tennessee (Knoxville, Alcoa, Athens, Clinton, Crossville, Dayton, Gatlinburg, Loudon, Maryville, Newport, Oak Ridge, Oliver Springs, Pigeon Forge, Rockwood, Sweetwater, etc., in East Tennessee)"
1 866,X1,"Toll-free telephone service (see also 800, 822, 833, 844, 855, 877, 888, 880–882, 883-887, and 889 in this list)"
1 867,CA,"Yukon, Northwest Territories, and Nunavut"
1 868,***,Trinidad and Tobago (all)
1 869,***,Saint Kitts and Nevis (all)
1 870,US,"Arkansas (Texarkana, Jonesboro, Pine Bluff, and southern, eastern, and northeastern Arkansas)"
1 871,---,not used
1 872,US,"Illinois—overlay for 312 and 773, entered service on November 7, 2009[12]"
1 873,CA,Quebec
1 874-875,---,not used
1 876,***,Jamaica (all)
1 877,X1,"Toll-free telephone service (see also 800, 822, 833, 844, 855, 866, 888, 880–882, 883-887, and 889 in this list)"
1 878,US,Pennsylvania
1 879,---,not used
1 880-882,X1,"Codes 880 through 882 were used (until April 1, 2004) to allow international customers to access toll-free numbers they otherwise could not by paying the international portion of the toll. 880 was paired with 800, 881 with 888, and 882 with 877.[13] As of 2008, they were reserved for toll-free area codes, but were not yet in use."
1 883-887,X1,"As of 2008, they were reserved for toll-free area codes, but were not yet in use."
1 888,X1,"Toll-free telephone service (see also 800, 822, 833, 844, 855, 866, 877, 880–882, 883-887, and 889 in this list)"
1 889,X1,"As of 2008, it was reserved for toll-free area codes, but was not yet in use."
1 890-899,---,Reserved for potential North American Numbering Plan expansion
,,
1 900,X1,premium-rate telephone numbers
1 901,US,"Tennessee (Memphis, Covington, Germantown, Somerville, and extreme southwestern Tennessee, mostly in Shelby County)."
1 902,CA,Nova Scotia and Prince Edward Island
1 903,US,"Texas (Tyler, Sherman, Longview, Marshall, Palestine, Jacksonville, Carthage, and Northeast Texas)"
1 904,US,"Florida (Jacksonville, St. Augustine, Starke, and most of northeastern Florida)"
1 905,CA,"Ontario (Niagara Falls Region, Hamilton, St. Catharines, suburbs of the Greater Toronto Area, and southeastern Ontario)"
1 906,US,"Michigan: Upper Peninsula (Sault Ste. Marie, Escanaba, Houghton, Iron Mountain, Marquette, Menominee, etc.)"
1 907,US,all of Alaska excluding the lone town of Hyder
1 908,US,"New Jersey (Alpha, Washington, Elizabeth, Warren, Plainfield, and west-central New Jersey)"
1 909,US,"California (western portions of San Bernardino County, and parts of Los Angeles County and Riverside County, including Fontana, Pomona, Chino Hills, Claremont, Chino, Ontario, Redlands)"
1 910,US,"North Carolina (Fayetteville, Wilmington, Fort Bragg, Seymour Johnson Air Force Base, Jacksonville, Lumberton and much of southeastern North Carolina)"
1 911,---,Not an area code. Reserved as an emergency telephone number in all geographic and non-geographic areas.
1 912,US,"Georgia (Savannah, Statesboro, Vidalia, Waycross, Brunswick, Douglas, and southeastern Georgia)"
1 913,US,"Kansas (Kansas City, Kansas, Overland Park, Leavenworth, Ft. Leavenworth, parts of eastern Kansas)"
1 914,US,New York State (Westchester County)
1 915,US,Texas (all of El Paso County and portions of Hudspeth County)
1 916,US,California (the Sacramento Metropolitan Area)
1 917,US,New York State (New York City; cellular telephones)
1 918,US,"Oklahoma (Tulsa, Bartlesville, McAlester, Muskogee, Henryetta and northeastern Oklahoma)"
1 919,US,"North Carolina (the Research Triangle—including Raleigh, the state capital city; Durham, Cary, and Chapel Hill—plus Goldsboro and other parts of north-central North Carolina)"
1 920,US,"Wisconsin (Appleton, Sheboygan, Oshkosh, Green Bay, Manitowoc, Marquette, Fond du Lac, and parts of eastern Wisconsin—but not Milwaukee County)"
1 921-924,---,"not used, yet"
1 925,US,"California (inland regions of the East Bay—Livermore, Concord, Pleasant Hill, Walnut Creek, Martinez, Pleasanton and Dublin, just east of San Francisco Bay. Much of this area is served by the Bay Area Rapid Transit system, including Concord.)"
1 926,---,not used
1 927,US,is assigned for numbering relief to 407 (Florida) but no date has been scheduled for this to go into effect.
1 928,US,"Arizona (Flagstaff, Kingman, Lake Havasu City, Page, Payson, Prescott, Tuba City, Williams, Winslow, Window Rock, Yuma, and most of northern and western Arizona, including the Grand Canyon National Park, the Lower Colorado River Valley, and the Navajo Nation)"
1 929,US,New York
1 930,US,Indiana
1 931,US,"Tennessee (Middle Tennessee, excluding the Nashville Metropolitan Area, which is in 615: Clarksville, Manchester, Columbia, Cookeville, Sparta)"
1 932,US,"once reserved as a third area code for the West Virginia region, but it was replaced by a 304-932 exchange area code in Charleston."
1 933,---,not used
1 934,US,New York
1 935,US,"was assigned for numbering relief to 619 (San Diego), but it has been cancelled."
1 936,US,"Texas (Nacogdoches, Lufkin, Conroe, Huntsville, Center, and Southeast Texas)"
1 937,US,"Ohio (Dayton, Marysville, Springfield, Hillsboro, and southwestern Ohio excluding the Cincinnati Metropolitan Area)"
1 938,US,"Alabama (Huntsville, Anniston, Cullman, Decatur, Florence, Fort Payne, Gadsden, Madison, Sheffield, Tuscumbia)"
1 939,***,Puerto Rico
1 940,US,"Texas (Denton, Wichita Falls, Decatur, Gainesville, Vernon, etc.) This is Texas immediately north of the Dallas–Fort Worth metroplex."
1 941,US,"Florida (Gulf Coast immediately south of Tampa Bay: all of Manatee County, Sarasota County, and Charlotte County; includes Bradenton, Port Charlotte, Sarasota, and Punta Gorda.)"
1 942-946,---,not used
1 947,US,Michigan
1 948,---,not used
1 949,US,"California (Irvine, Lake Forest, Mission Viejo, Newport Beach, Corona del Mar, and part of southern Orange County)"
1 950,---,"Not an area code. Exchange prefix 950 was formerly used to access competing interexchange carriers. A subscriber would call 950-XXXX to reach a specific carrier, then dial the long-distance destination number. This feature group 'B' has been rendered obsolete by 1010xxx ""dial-around"" feature group 'D' but the exchange remains reserved in each individual area code."
1 951,US,"California (western Riverside County, including Riverside, Corona, Lake Elsinore, Mira Loma, Moreno Valley, Sun City, Temecula, Winchester, Lakeview, etc.)"
1 952,US,"Minnesota (Bloomington, Eden Prairie, Edina, Minnetonka, Chaska, and the southwest suburban Minneapolis area)"
1 953,---,not used
1 954,US,"Florida (all of Broward County: Fort Lauderdale, Hollywood, Coral Springs, etc.)"
1 955,---,not used
1 956,US,"Texas (Laredo, Harlingen, Brownsville, McAllen, and southmost Texas)"
1 957-958,---,not used
1 959,US,Connecticut
1 960-969,---,not used (96x block reserved in case consecutive numbers are ever needed)
1 970,US,"Colorado (Grand Junction, Aspen, Durango, Estes Park, Fort Collins, Frisco, Glenwood Springs, Greeley, Purgatory, Steamboat Springs, Telluride, Vail, Rocky Mountain National Park, Dinosaur National Monument, and most of north-central, south-central, and western Colorado)"
1 971,US,"Oregon (Portland, Salem, Hillsboro, Beaverton, and most of northwestern Oregon)"
1 972,US,Texas
1 973,US,"New Jersey (Newark, Paterson, and most of northeastern New Jersey)"
1 974,---,not used
1 975,US,"is assigned for numbering relief to 816 (Missouri), but it has been suspended indefinitely."
1 976-977,---,not used
1 978,US,"Massachusetts (Fitchburg, Lowell, Lawrence, Peabody, and northeastern Massachusetts)"
1 979,US,"Texas (Wharton, Bryan, Bay City, College Station, Lake Jackson, La Grange, and southeastern Texas)"
1 980,US,North Carolina
1 981-983,---,not used
1 984,US,North Carolina
1 985,US,"Louisiana (Houma, Slidell, and southeastern Louisiana excluding New Orleans)"
1 986,US,Idaho
1 987-988,---,not used
1 989,US,"Michigan (Alpena, Mt. Pleasant, Bay City, Saginaw, Midland, Owosso, and part of central Michigan)"
1 990-999,---,Reserved for potential North American Numbering Plan expansion
,,
,,
20,EG,Egypt
210,---,unassigned
211,SS,South Sudan
212,MA,Morocco
212 5288 / 5289,EH,Western Sahara
213,DZ,Algeria
214,---,unassigned
215,---,unassigned
216,TN,Tunisia
217,---,unassigned
218,LY,Libyan Arab Jamahiriya
219,---,unassigned
220,GM,Gambia
221,SN,Senegal
222,MR,Mauritania
223,ML,Mali
224,GN,Guinea
225,CI,Cote d'Ivoire
226,BF,Burkina Faso
227,NE,Niger
228,TG,Togo
229,BJ,Benin
230,MU,Mauritius
231,LR,Liberia
232,SL,Sierra Leone
233,GH,Ghana
234,NG,Nigeria
235,TD,Chad
236,CF,Central African Republic
237,CM,Cameroon
238,CV,Cape Verde
239,ST,Sao Tome and Principe
240,GQ,Equatorial Guinea
241,GA,Gabon
242,CG,Congo
243,CD,"Congo, The Democratic Republic of the"
244,AO,Angola
245,GW,Guinea-Bissau
246,IO,British Indian Ocean Territory
247,SH-AC,Ascension Island
248,SC,Seychelles
249,SD,Sudan
250,RW,Rwanda
251,ET,Ethiopia
252,SO,Somalia
253,DJ,Djibouti
254,KE,Kenya
255,TZ,"Tanzania, United Republic of"
255 24,TZ,"Tanzania, United Republic of"
256,UG,Uganda
257,BI,Burundi
258,MZ,Mozambique
259,---,unassigned
260,ZM,Zambia
261,MG,Madagascar
262,RE,Reunion
262 269 / 639,YT,Mayotte
263,ZW,Zimbabwe
264,NA,Namibia
265,MW,Malawi
266,LS,Lesotho
267,BW,Botswana
268,SZ,Swaziland
269,KM,Comoros
27,ZA,South Africa
28x,---,unassigned
290,SH,Saint Helena
290 8,SH,Saint Helena
291,ER,Eritrea
292,---,unassigned
293,---,unassigned
294,---,unassigned
295,SM,San Marino
296,---,unassigned
297,AW,Aruba
298,FO,Faroe Islands
299,GL,Greenland
,,
,,
30,GR,Greece
31,NL,Netherlands
32,BE,Belgium
33,FR,France
34,ES,Spain
350,GI,Gibraltar
351,PT,Portugal
352,LU,Luxembourg
353,IE,Ireland
354,IS,Iceland
355,AL,Albania
356,MT,Malta
357,CY,Cyprus
358,FI,Finland
358 18,FI,Finland
359,BG,Bulgaria
36,HU,Hungary
370,LT,Lithuania
371,LV,Latvia
372,EE,Estonia
373,MD,"Moldova, Republic of"
373 2 / 5,MD-SN,Transnitria
374,AM,Armenia
374 47 / 97,AZ,Azerbaijan
375,BY,Belarus
376,AD,Andorra
377,MC,Monaco
377 44 / 45,XK,Kosovo
378,SM,San Marino
379,VA,Vatican
38,---,discontinued (was assigned to Yugoslavia before break-up)
380,UA,Ukraine
381,RS,Serbia
381 28 / 29 / 38 / 39,XK,Kosovo
382,ME,Montenegro
383,XK,Kosovo
384,---,unassigned
385,HR,Croatia
386,SI,Slovenia
386 43 / 49,XK,Kosovo
387,BA,Bosnia and Herzegovina
388,EU,assigned to the discontinued European Telephony Numbering Space[1][3]
389,MK,Macedonia
39,IT,Italy
39 06 698,VA,Vatican
40,RO,Romania
41,CH,Switzerland
42,---,previously assigned to Czechoslovakia until its breakup.
420,CZ,Czech Republic
421,SK,Slovakia
422,---,unassigned
423,LI,Liechtenstein
424,---,unassigned
425,---,unassigned
426,---,unassigned
427,---,unassigned
428,---,unassigned
429,---,unassigned
43,AT,Austria
44,GB,United Kingdom
44 1481,GG,Guernsey
44 1534,JE,Jersey
44 1624,IM,Isle of Man
45,DK,Denmark
46,SE,Sweden
47,NO,Norway
47 79,SJ,Svalbard and Jan Mayen
48,PL,Poland
49,DE,Germany
,,
,,
500,FK,Falkland Islands
500 x,GS,South Georgia and the South Sandwich Islands
501,BZ,Belize
502,GT,Guatemala
503,SV,El Salvador
504,HN,Honduras
505,NI,Nicaragua
506,CR,Costa Rica
507,PA,Panama
508,PM,Saint Pierre and Miquelon
509,HT,Haiti
51,PE,Peru
52,MX,Mexico
53,CU,Cuba
54,AR,Argentina
55,BR,Brazil
56,CL,Chile
57,CO,Colombia
58,VE,Venezuela
590,GP,Guadeloupe
591,BO,Bolivia
592,GY,Guyana
593,EC,Ecuador
594,GF,French Guiana
595,PY,Paraguay
596,MQ,Martinique
597,SR,Suriname
598,UY,Uruguay
599,NL,Netherlands
599 3,BQ,"Bonaire, Saint Eustatius and Saba"
599 4,BQ,"Bonaire, Saint Eustatius and Saba"
599 5,SX,Sint Maarten
599 7,BQ,"Bonaire, Saint Eustatius and Saba"
599 8,AW,Aruba
599 9,CW,Curacao
,,
,,
60,MY,Malaysia
61,AU,Australia
61 8 9162,CC,Cocos Islands
61 8 9164,CX,Christmas Island
62,ID,Indonesia
63,PH,Philippines
64,NZ,New Zealand
64 xx,PN,Pitcairn
65,SG,Singapore
66,TH,Thailand
670,TL,Timor-Leste
671,GU,Guam
672,AU,Australia
672 1x,AU,Australia
672 3,NF,Norfolk Island
673,BN,Brunei Darussalam
674,NR,Nauru
675,PG,Papua New Guinea
676,TO,Tonga
677,SB,Solomon Islands
678,VU,Vanuatu
679,FJ,Fiji
680,PW,Palau
681,WF,Wallis and Futuna
682,CK,Cook Islands
683,NU,Niue
684,AS,American Samoa
685,WS,Samoa
686,KI,Kiribati
687,NC,New Caledonia
688,TV,Tuvalu
689,PF,French Polynesia
690,TK,Tokelau
691,FM,"Micronesia, Federated States of"
692,MH,Marshall Islands
693,---,unassigned
694,---,unassigned
695,---,unassigned
696,---,unassigned
697,---,unassigned
698,---,unassigned
699,---,unassigned
,,
,,
7,RU,Russian Federation
7 6xx / 7xx,KZ,Kazakhstan
7 840 / 940,AB,Abkhazia
,,
,,
800,O1,International Freephone (UIFN)
801,---,unassigned
802,---,unassigned
803,---,unassigned
804,---,unassigned
805,---,unassigned
806,---,unassigned
807,---,unassigned
808,O1,reserved for Shared Cost Services
809,---,unassigned
81,JP,Japan
82,KR,"Korea, Republic of"
83x,---,unassigned (Reserved for country code expansion)[1]
84,VN,Vietnam
850,KP,"Korea, Democratic People's Republic of"
851,---,unassigned
852,HK,Hong Kong
853,MO,Macao
854,---,unassigned
855,KH,Cambodia
856,LA,Lao People's Democratic Republic
857,A2,"unassigned, formerly ANAC satellite service"
858,A2,"unassigned, formerly ANAC satellite service"
859,---,unassigned
86,CN,China
870,A2,"Inmarsat ""SNAC"" service"
871,A2,"unassigned (formerly used by Inmarsat, Atlantic East), discontinued in 2008"
872,A2,"unassigned (formerly used by Inmarsat, Pacific), discontinued in 2008"
873,A2,"unassigned (formerly used by Inmarsat, Indian), discontinued in 2008"
874,A2,"unassigned (formerly used by Inmarsat, Atlantic West), discontinued 2008"
875,O1,reserved for Maritime Mobile service
876,O1,reserved for Maritime Mobile service
877,O1,reserved for Maritime Mobile service
878,O1,Universal Personal Telecommunications services
879,O1,reserved for national non-commercial purposes
880,BD,Bangladesh
881,A2,Global Mobile Satellite System
882,O1,International Networks
883,O1,International Networks (Republic Wireless)
884,---,unassigned
885,---,unassigned
886,TW,Taiwan
887,---,unassigned
888,O1,Telecommunications for Disaster Relief by OCHA
889,---,unassigned
89x,---,unassigned (Reserved for country code expansion)[1]
,,
,,
90,TR,Turkey
90 392,CY,Cyprus
91,IN,India
92,PK,Pakistan
93,AF,Afghanistan
94,LK,Sri Lanka
95,MM,Myanmar
960,MV,Maldives
961,LB,Lebanon
962,JO,Jordan
963,SY,Syrian Arab Republic
964,IQ,Iraq
965,KW,Kuwait
966,SA,Saudi Arabia
967,YE,Yemen
968,OM,Oman
969,YE,Yemen
970,PS,Palestinian Territory
971,AE,United Arab Emirates
972,IL,Israel
973,BH,Bahrain
974,QA,Qatar
975,BT,Bhutan
976,MN,Mongolia
977,NP,Nepal
978,AE,United Arab Emirates
979,AE,United Arab Emirates
98,IR,"Iran, Islamic Republic of"
990,---,unassigned
991,O1,International Telecommunications Public Correspondence Service trial (ITPCS)
992,TJ,Tajikistan
993,TM,Turkmenistan
994,AZ,Azerbaijan
995,GE,Georgia
995 34,RU-SE,South Ossetia
995 44,AB,Abkhazia
996,KG,Kyrgyzstan
997,---,unassigned
998,UZ,Uzbekistan
999,---,reserved for future global service
,,
,,
,,
,,
,,
,,
,,
,,
,,
,,
,,
,,
,,
,,
,,
,,
,,
,,
,,
,,
,,
,,
,,
,,
,,
,,
,,
,,
,,
,,
,,
,,
,,
,,
,,
,,
,,
,,
,,
,,
,,
,,
,,
,,
,,
,,
,,
,,
,,
,,
,,
,,
,,
,,
,,
,,
